,No.,Author,author_name,date_publication,title_short,autofile
0,100001,"Augurello, Chrysopoeia","Augurelli, Giovanni Aurelio",1515,Chrysopoeia,
1,100002,"Pseudo-Lull, Secretis",Pseudo-Lull,1518,De secretis naturae,Pseudo-Lull1518_De_secretis_naturae_MDZ.json
2,100003,"Pantheus, Ars Transmutatione","Panteo, Giovanni Agostino",1518,Ars Transmutationis Metallicae,Pantheus1518_Ars_Transmutationis_Metallicae_BL_GB.json
3,100004,"Pantheus, Commentarium","Panteo, Giovanni Agostino",1519,Commentarium transmutationis metallicae ,Pantheus1519_Commentarium_Transmutationis_Metallicae_MDZ.json
4,100005,"Pantheus, Voarchadumia","Panteo, Giovanni Agostino",1530,Voarchadumia,Pantheus1530_Voarchadumia_ONB.json
5,100006,"Savonarola, De arte conficiendi aquam vitae","Savonarola, Michele",1532,De arte conficiendi Aquam vitae,Savonarola1532_De_arte_conficiendi_aquam_vitae_ONB.json
6,,"Anon, Rosarium philosophorum",,,,Anon1550_Rosarium_philosophorum_Erara.json
7,100008,"Severinus, Epistola","Severinus, Petrus",1571,Epistola,Severinus1572_Epistola_MBZ_MBS.json
8,100009,"Vegius, Inter inferiora corpora",,1518,Inter inferiora corpora,Vegius1518_Inter_inferiora_corpora_disputatio_ONB.json
9,100010,"Bracesco, De alchimia dialogi duo","Bracesco, Giovanni",1548,De Alchimia Dialogi Duo,Bracesco1548_De_alchemia_dialogi_II_IA_Madrid.json
10,100011,"Anon, De alchemia",,1541,De alchemia,De_alchemia1541_MDZ_MBS.json
11,100012,"Gessner, Euonymus","Gessner, Conrad",1552,Thesavrvs Evonymi Philiatri,Gessner1552_Thesaurus_Euonymi_Philiatri_ER_ZZ.json
12,100013,"Ulstadt, Coelum","Ulstadt, Philipp",1525,Coelum philosophorum,Ulstad1525_Coelum_philosophorum_IA_BIUSP_pdf.json
13,100014,"Toxites, Spongia","Toxites, Michael",1567,Spongia stibii,Toxites1567_Spongia_stibii_MDZ_MBS.json
14,100015,"Gessner, Euonymus II","Gessner, Conrad",1569,De remedijs secretis,Gessner1569_Thesaurus_Euonymi_Philiatri_Liber_Secundus_MDZ_MBS.json
15,100016,"Bonus, Pretiosa margarita novella","Bonus, Petrus",1546,Pretiosa margarita novella,Bonus1546_Pretiosa_Margarita_Novella_ONB.json
16,100017,"Bodenstein, Isagoge","Bodenstein, Adam",1559,Isagoge,Bodenstein1559_Isagoge_MDZ_MBS.json
17,100018,"Trevisan, Peri chemeias","Trevisanus, Bernhardus",1567,Peri chemeias,
18,100019,"Ulstadt, De epidemia","Ulstadt, Philipp",1526,De epidemia,Ulstadt1526_De_epidemia_ONB.json
19,,"Dorn, Artificii chymistici",,,,Dorn1569_Artificii_chymistici_MDZ_MBS.json
20,100021,"Dorn, Clavis","Dorn, Gerard",1567,Clavis,Dorn1567_Clavis_totius_philosophiae_chymisticae_ONB_pdf.json
21,,"Anon, De alchimia opuscula ",,,,Anon1550_De_alchemia_opuscula_MDZ_MBS.json
22,100023,"Paracelsus, Labyrinthus","Paracelsus, Theophrastus von Hohenheim",1553,Labyrinthus medicorum errantium,Paracelsus1553_Labyrinthus_medicorum_errantium_MDZ_MBS_pdf.json
23,100024,"Fanianus, De arte metallicae","Fanianus, Johannes Chrysippus",1560,De arte metallicae,Fanianus1560_De_arte_metallicae_ONB_pdf.json
24,100025,"Pseudo-Lull, Codicillus",Pseudo-Lull,1563,Codicillus,Pseudo-Lull1563_Codicillus_MDZ_MBS_pdf.json
25,100026,"Garlandius, Compendium Alchemiae",Garlandius,1560,Compendium Alchemiae,Garlandius1560_Compendium_Alchemiae_SLUB_pdf.json
26,100027,"Paracelsus, Pyrophilia","Paracelsus, Theophrastus von Hohenheim",1568,Pyrophilia,Pseudo-Paracelsus1568_Pyrophilia_vexationumque_ONB.json
27,100028,"Pedemontanus, De secretis","Ruscelli, Girolamo",1563,De secretis,Pedemontanus1563_De_Secretis_MDZ_MBS.json
28,100029,"Paracelsus, De vita longa","Paracelsus, Theophrastus von Hohenheim",1560,De vita longa,Paracelsus1560_Libri_quatuor_de_vita_longa_MDZ_MBS.json
29,100030,"Rupescissa, De consideratione quintae essentiae","Rupescissa, Johannes",1561,De consideratione quintae essentiae,Rupescissa1561_De_Consideratione_Quintae_essentie_rerum_GB.json
30,,"Phaedro, De aquila",,,,Phaedro1562_Aquila_coelestis_MBZ_MBS.json
31,100032,"Ventura, De ratione conficiendi","Ventura, Lorenzo",1571,De ratione conficiendi,Ventura1571_De_ratione_conficiendi_lapis_MBZ_MBS.json
32,100033,"Pseudo-Paracelsus, Centum quindecim curationes",Pseudo-Paracelsus,1582,Centum quindecim curationes,Paracelsus1582_Centum_quindecim_curationes_MDZ_MBS.json
33,100034,"Penot, Tractatus varii","Penot, Bernard",1594,Tractatus Varii,Penotus1594_Tractatus_varii_MDZ_MBS.json
34,,"Dorn, Lapis metaphysicus",,,,Dorn1570_Lapis_metaphysicus_MDZ_MBS_pdf.json
35,100036,"Vadis, Dialogus","De Vadis, Aegidius",1595,Dialogus,Vadis1595_Dialogus_IA_Wellcome.json
36,100037,"Duchesne, Ad Iacobi Auberti","Duchesne, Joseph",1575,Ad Iacobi Auberti,DuChesne1575_Ad_Iacobi_Auberti_MDZ_Augsburg.json
37,100038,"Anon, Artis auriferae",,1572,Artis auriferae,Auriferae_artisI1572_MBZ_Augsburg.json
38,100039,"Pseudo-Democritus, Ars magna",,1572,Ars magna,Pseudo-Democritus1572_Ars_magna.json
39,100040,"Pseudo-Lull, Mercuriorum",Pseudo-Lull,1567,Mercuriorum liber,Pseudo-Lull1567_Mercuriorum_liber_MDZ_MBS.json
40,,"Senior, De chemia Senioris",,,,Senior1560_De_chemia_senioris_MDZ_MBS.json
41,100042,"Pseudo-Paracelsus, De summis naturae",Pseudo-Paracelsus,1584,De summis naturae ,Pseudo-Paracelsus1568_De_summis_naturae_mysteriis_MDZ_MBS.json
42,100043,"Duchesne, Sclopetarius","Duchesne, Joseph",1576,Sclopetarius,DuChesne1575_Sclopetarius_MDZ_Augsburg.json
43,100044,"Dorn, Theophrasti Germani ","Dorn, Gerard",1578,Theophrasti Germani Paracelsi,Dorn1578_Theophrasti_Germani_Principis_MDZ_MBS.json
44,100045,"Dorn, De naturae luce physica","Dorn, Gerard",1583,De naturae luce physica,Dorn1583_De_Naturae_luce_physica_MDZ_MBS.json
45,,"Dorn, Commentaria",,,,
46,100047,"Portaleone, De auro ","Portaleone, Abraham",1584,De auro dialogi tres,Portaleone1584_De_auro_dialogi_tres_ONB.json
47,100048,"Pseudo-Aquinas, De secreta alchemiae magnalia",,1579,De secreta alchemiae magnalia,Pseudo-Aquinas1579_Secreta_alchemiae_magnalia_ONB.json
48,100049,"Rossi, De destillatione","Rossi, Girolamo",1585,De destillatione,Rossi1585_De_destillatione_MDZ_MBS.json
49,,"Anon, Quadriga aurifera",,,,Barnaud1599_Quadriga_aurifera_IA_Madrid.json
50,,"Ruland, Medica practica",,,,Ruland1564_Medicina_practica_recens_MDZ_MDS.json
51,100052,"Khunrath, Confessio","Khunrath, Heinrich",1599,Confessio de chao physico-chymicorum,Khunrath1599_Confessio_de_chao_chymicorum_MDZ_MBS.json
52,100053,"Mirandola, De auro","Mirandola, Francisco Pico della",1586,De auro,Mirandola1586_De_auro_libri_tres_MDZ_MBS.json
53,100054,"Moffett, De iura et praestantia chymicorum","Moffett, Thomas",1584,De iure et praestantia chymicorum medicamentorum,Moffett_De_iure_et_praestantia_MDZ_MBS.json
54,100055,"Erastus, Disputatio de auro potabili","Erastus, Thomas",1578,Disputatio de auro potabili,Erastus1578_Disputatio_de_auro_potabili_MDZ_MBS.json
55,100056,"Claveus, Apologia crysopoeiae","Duclo, Gaston",1598,Apologia crysopoeiae et argyropoeiae,Claveus1598_Apologia_crysopoeiae_MDZ_MBS.json
56,,"Hagecius, De cerevisia",,,,Hagecius1585_De_cervisia_ejusque_conficiendi_ratione.json
57,,"Hagecius, Actio medica",,,,Hagecius1596_Actio_medica_ER_UBB.json
58,100059,"Suavius, Compendium","Suavius, Leo",1568,Theophrasti Paracelsi Compendium,Suavius1567_Theophrasti_Paracelsi_Philosophiae_ONB.json
59,100060,"Witestein, Disceptatio","Witestein, Carolus",1583,Disceptatio philosophica,Witestein1583_Disceptatio_philosophica_MDZ_MBS.json
60,100061,"Moffett, Nosomantica Hippocratea","Moffett, Thomas",1588,Nosomantica Hippocratea,
61,100062,"Wimpfen, De concordantia Hippocraticorum et Paracelsistarum","Wimpfen, Johann Albert",1569,De concordia Hippocraticorum et Paracelsistarum,
62,100063,"Libavius, Rerum chymicarum epistolica I","Libavius, Andreas",1595,Rerum chymicarum epistolica I,
63,100064,"Trevisan, De chymico miraculo",,1583,De chymico miraculo,
64,,"Libavius, Neoparacelsica",,,,
65,100066,"Suchten, De secretis antimonii","Suchten, Alexander",1575,De secretis antimonii,
66,,"Wecker, De secretis",,,,Wecker1582_De_secretis_ONB.json
67,,"Pseudo-Paracelsus, Aurora",,,,
68,100069,"Severinus, Idea medicinae","Severinus, Petrus",1571,Idea medicinae philosophicae,
69,100070,"Libavius, Alchemia","Libavius, Andreas",1597,Alchemia,
70,,"Pseudo-Lull, Testamentum",,,,
71,100072,"Andernach, De medicina","Andernach, Johann Gunther",1571,De medicina veteri et nova,
72,100073,"Greverus, Secretum",,1599,Secretum,
73,100074,"Hoghelande, De lapidis physicus","Hoghelande, Theobald",1595,De lapidis physicis conditionibus,
74,100075,"Dorn, Fasciculus Paracelsicae",,1581,Fasciculus Paracelsicae,
