,token,pdf_page,pdf_page_textblock,positions
477495,tamen,[163],[19],"[{'coordinates': {'upper_left_x': 0.12423529104024422, 'upper_left_y': 0.6670119043200713, 'lower_right_x': 0.8163131072741596, 'lower_right_y': 0.6728551144271452}, 'text': 'tamen semper sua pace manente, tripliciter\n', 'tag': 'text'}]"
2827510,in,[77],[13],"[{'coordinates': {'upper_left_x': 0.1036509363543, 'upper_left_y': 0.41117337450137736, 'lower_right_x': 0.7944321262974454, 'lower_right_y': 0.4139209697092337}, 'text': 'quam in septem libris, id est, in magno ro¬\n', 'tag': 'text'}]"
2935377,consumi,[41],[27 28],"[{'coordinates': {'upper_left_x': 0.10909090705096403, 'upper_left_y': 0.6834555070326679, 'lower_right_x': 0.873629809700869, 'lower_right_y': 0.6923847510031477}, 'text': 'ferre, nihil faciens rideat, sinatque torqueri eum, anxiari, con¬\n', 'tag': 'text'}, {'coordinates': {'upper_left_x': 0.1110160440047157, 'upper_left_y': 0.7064972754615189, 'lower_right_x': 0.8754738384389622, 'lower_right_y': 0.715208687064003}, 'text': 'sumi, tristissima etiam quauis morte deficere, nulla prorsus\n', 'tag': 'text'}]"
2750876,Postremo,[101],[7],"[{'coordinates': {'upper_left_x': 0.1257416300796436, 'upper_left_y': 0.2932860135608626, 'lower_right_x': 0.8207623787473833, 'lower_right_y': 0.3018117738659386}, 'text': 'gma: Sanguis: Cholera: & Melancholia. Postremo debi¬\n', 'tag': 'text'}]"
57867,Chirurgiae,[283],[22],"[{'coordinates': {'upper_left_x': 0.22951260093881304, 'upper_left_y': 0.753947785801106, 'lower_right_x': 0.7337403369550946, 'lower_right_y': 0.7597909959081799}, 'text': 'Chirurgiae magnae Partis j. libr. ij.\n', 'tag': 'text'}]"
362589,&,[439],[18],"[{'coordinates': {'upper_left_x': 0.2702990053500052, 'upper_left_y': 0.6079490969388601, 'lower_right_x': 0.9195587056815823, 'lower_right_y': 0.6183949853204618}, 'text': 'uenenoso tibi cauebis) euaporari & ex\n', 'tag': 'text'}]"
2092358,ex,[96],[11],"[{'coordinates': {'upper_left_x': 0.30292437898010766, 'upper_left_y': 0.21009971636774422, 'lower_right_x': 0.8729797876181723, 'lower_right_y': 0.21594294459689542}, 'text': 'ex calido & humido nutritur & augmentatur, sic\n', 'tag': 'text'}]"
1102508,partes,[1225],[17],"[{'coordinates': {'upper_left_x': 0.0527877222241648, 'upper_left_y': 0.5772462570226445, 'lower_right_x': 0.761804683129196, 'lower_right_y': 0.5810228493343086}, 'text': 'suas partes in fixione coniunctas, suumque\n', 'tag': 'text'}]"
2989801,de,[163],[5],"[{'coordinates': {'upper_left_x': 0.10769748206899947, 'upper_left_y': 0.23344414137887842, 'lower_right_x': 0.8918763745732669, 'lower_right_y': 0.2391448575923675}, 'text': 'Aquarum ciclaminis, de folijs serpentinę, sophiae ana vncię qua¬\n', 'tag': 'text'}]"
1565467,.,[451],[7],"[{'coordinates': {'upper_left_x': 0.07260869896930197, 'upper_left_y': 0.25685840370380775, 'lower_right_x': 0.7873651808586674, 'lower_right_y': 0.2595132642087683}, 'text': 'neae laminae fiunt. Philosophus. Aes siue cu¬\n', 'tag': 'text'}]"
3350371,horis,[88],[24],"[{'coordinates': {'upper_left_x': 0.3317180751178758, 'upper_left_y': 0.5827598076362115, 'lower_right_x': 0.9429227181993393, 'lower_right_y': 0.5847078298593497}, 'text': 'ebus vel horis, quod natura facit in mille annis.\n', 'tag': 'text'}]"
357265,",",[405],[4],"[{'coordinates': {'upper_left_x': 0.26790697471644, 'upper_left_y': 0.20433125425043128, 'lower_right_x': 0.9153849959769518, 'lower_right_y': 0.21452232733400511}, 'text': 'cta sit. Tum ulcere diligenter purgato,\n', 'tag': 'text'}]"
1176049,.,[152],[10],"[{'coordinates': {'upper_left_x': 0.4965378192292542, 'upper_left_y': 0.2941852125589185, 'lower_right_x': 0.6081658371356355, 'lower_right_y': 0.3000284407880697}, 'text': 'Scorpius.\n', 'tag': 'text'}]"
366401,rosatae,[465],[6],"[{'coordinates': {'upper_left_x': 0.2870431944381359, 'upper_left_y': 0.257324866681595, 'lower_right_x': 0.9397128792696221, 'lower_right_y': 0.26751593976516885}, 'text': 'dimidio aquae rosatae admixto: & est\n', 'tag': 'text'}]"
985727,illae,[605],[24],"[{'coordinates': {'upper_left_x': 0.1065637104913228, 'upper_left_y': 0.6990642018208515, 'lower_right_x': 0.810509798302767, 'lower_right_y': 0.702870743318175}, 'text': 'ram. Sed illae peiores extraneae naturae inficiunt illam\n', 'tag': 'text'}]"
1968698,abluete,[133],[10],"[{'coordinates': {'upper_left_x': 0.13270588081423976, 'upper_left_y': 0.36572921644197226, 'lower_right_x': 0.796044921875, 'lower_right_y': 0.3715724627932007}, 'text': 'sophi, abluete, purgate, dealbate latonem\n', 'tag': 'text'}]"
1423932,quem,[84],[7],"[{'coordinates': {'upper_left_x': 0.2654117616284795, 'upper_left_y': 0.2289120998065432, 'lower_right_x': 0.8599520130317753, 'lower_right_y': 0.2347553280356944}, 'text': 'tis, destillari liquor; quem plerique denuò, e¬\n', 'tag': 'text'}]"
510301,soluit,[79],[16],"[{'coordinates': {'upper_left_x': 0.08752941484210872, 'upper_left_y': 0.42359141442668125, 'lower_right_x': 0.8635271344866071, 'lower_right_y': 0.42943466077790976}, 'text': 'soluit Solem & omnes gemmas. Ad facturam vero huius auri potabilis\n', 'tag': 'text'}]"
2946654,nos,[73],[2],"[{'coordinates': {'upper_left_x': 0.09844504348713974, 'upper_left_y': 0.10453720923560501, 'lower_right_x': 0.8624561299587382, 'lower_right_y': 0.11324864160776571}, 'text': 'ueamus, ueluti Homerus ipse architectus optimus, nos suo\n', 'tag': 'text'}]"
50214,Mummia,[244],[19],"[{'coordinates': {'upper_left_x': 0.36988235601857933, 'upper_left_y': 0.5409976116551922, 'lower_right_x': 0.7120526482077206, 'lower_right_y': 0.546698309746604}, 'text': 'Cerati de Mummia [S]y[/S] iij.\n', 'tag': 'text'}]"
606490,si,[417],[22],"[{'coordinates': {'upper_left_x': 0.05533568850675657, 'upper_left_y': 0.6636601865681169, 'lower_right_x': 0.731413716562224, 'lower_right_y': 0.6662745257608251}, 'text': 'bluantur, & delebuntur. Quòd si ex atra¬\n', 'tag': 'text'}]"
1805521,corporis,[95],[12],"[{'coordinates': {'upper_left_x': 0.11132772750213367, 'upper_left_y': 0.36829450521219936, 'lower_right_x': 0.7441690909762343, 'lower_right_y': 0.3741377515634278}, 'text': 'sulphuris, tum argenti viui, similiter corporis &\n', 'tag': 'text'}]"
2821907,",",[50],[8],"[{'coordinates': {'upper_left_x': 0.22736843176055374, 'upper_left_y': 0.1414325111790707, 'lower_right_x': 0.9205835175095943, 'lower_right_y': 0.14424715544048108}, 'text': 'ctione. Et idem dicit, hoc nil aliud esse quam\n', 'tag': 'text'}]"
1436063,mirabiles,[135],[10 11],"[{'coordinates': {'upper_left_x': 0.12141176111557904, 'upper_left_y': 0.3110023552901388, 'lower_right_x': 0.7174581062893908, 'lower_right_y': 0.31684560164136727}, 'text': 'lydis, endiuię et huiusmodi, iungeremus, mi¬\n', 'tag': 'text'}, {'coordinates': {'upper_left_x': 0.1197983172761292, 'upper_left_y': 0.33577197294620326, 'lower_right_x': 0.7181392894071691, 'lower_right_y': 0.341472671037615}, 'text': 'rabiles haberet, quas diximus, in pestilentia\n', 'tag': 'text'}]"
518415,.,[98],[10],"[{'coordinates': {'upper_left_x': 0.1520672325326615, 'upper_left_y': 0.27480285354578016, 'lower_right_x': 0.9208495067949055, 'lower_right_y': 0.28064608177493133}, 'text': 'santes curat, dum ex ea illiniantur. Si quoque super oculos imponatur, om¬\n', 'tag': 'text'}]"
2497539,infectam,[950],[5],"[{'coordinates': {'upper_left_x': 0.23394957470292804, 'upper_left_y': 0.19043226083497253, 'lower_right_x': 0.8768844989167542, 'lower_right_y': 0.19627548906412373}, 'text': 'rinam pulcherrimam, aureo colore infectam: quę\n', 'tag': 'text'}]"
2278644,inuenitur,[73],[10],"[{'coordinates': {'upper_left_x': 0.1411764705882353, 'upper_left_y': 0.34175769506893927, 'lower_right_x': 0.725496487657563, 'lower_right_y': 0.3474583931603511}, 'text': 'non procul inuenitur alia: vnde etiam\n', 'tag': 'text'}]"
3388076,cacumina,[267],[15],"[{'coordinates': {'upper_left_x': 0.052070483237111095, 'upper_left_y': 0.4771753781801694, 'lower_right_x': 0.6769311039458288, 'lower_right_y': 0.47912340040330764}, 'text': 'et super cacumina dealbatur, & fit albus leuis, &\n', 'tag': 'text'}]"
1493982,",",[99],[7],"[{'coordinates': {'upper_left_x': 0.0539568345323741, 'upper_left_y': 0.21696429593222483, 'lower_right_x': 0.7845379946043165, 'lower_right_y': 0.21964286054883683}, 'text': 'nerrimus est, & citò virtus eius exhalat, nisi\n', 'tag': 'text'}]"
2095336,dei,[113],[19],"[{'coordinates': {'upper_left_x': 0.3170420157809217, 'upper_left_y': 0.46403800620036, 'lower_right_x': 0.8876404321494222, 'lower_right_y': 0.46973870429177184}, 'text': 'ficitur nutu dei. Similiter aurum in corporibus\n', 'tag': 'text'}]"
612219,ignem,[447],[17],"[{'coordinates': {'upper_left_x': 0.027773852061888354, 'upper_left_y': 0.535960810376668, 'lower_right_x': 0.7029102446754913, 'lower_right_y': 0.5386405396305658}, 'text': 'li pondere caphura, viui sulphuris, ignem\n', 'tag': 'text'}]"
3030478,Neque,[29],[21],"[{'coordinates': {'upper_left_x': 0.10137930902941474, 'upper_left_y': 0.5829880442978121, 'lower_right_x': 0.7651345614729257, 'lower_right_y': 0.5856052344601963}, 'text': 'Neque verò ignoramus etiam alias nonnullas\n', 'tag': 'text'}]"
709347,.,[150],[22],"[{'coordinates': {'upper_left_x': 0.34186334392792445, 'upper_left_y': 0.4059310482587187, 'lower_right_x': 0.9576501945037525, 'lower_right_y': 0.41364266805140576}, 'text': 'Empyreumata gustus conueniunt cum correctione in odoratu. Valdè\n', 'tag': 'text'}]"
2307363,&,[146],[9],"[{'coordinates': {'upper_left_x': 0.24282352223115808, 'upper_left_y': 0.30273629594019075, 'lower_right_x': 0.8831184964220063, 'lower_right_y': 0.30857954229141926}, 'text': 'minis, & Penolei participes, cerae lentore, & vsu\n', 'tag': 'text'}]"
2844489,non,[85],[27],"[{'coordinates': {'upper_left_x': 0.059166669845581055, 'upper_left_y': 0.7908534542949879, 'lower_right_x': 0.7679201232062446, 'lower_right_y': 0.7934299045138888}, 'text': 'licet qui sese in vnitatem, non temerè redu¬\n', 'tag': 'text'}]"
3135007,lentum,[474],[17 18],"[{'coordinates': {'upper_left_x': 0.2624116069278388, 'upper_left_y': 0.4821052551269531, 'lower_right_x': 0.944729484219175, 'lower_right_y': 0.4847368608441269}, 'text': 'tae super infundatur aqua destillata, ac ad len¬\n', 'tag': 'text'}, {'coordinates': {'upper_left_x': 0.26763373726838735, 'upper_left_y': 0.5077631431713439, 'lower_right_x': 0.940389624532525, 'lower_right_y': 0.5103947488885177}, 'text': 'tum ignem in vaporem aqua soluatur denuò,\n', 'tag': 'text'}]"
805225,naturam,[365],[37],"[{'coordinates': {'upper_left_x': 0.05044897819051937, 'upper_left_y': 0.8248736638918682, 'lower_right_x': 0.7015122394172513, 'lower_right_y': 0.8325491442509263}, 'text': 'blimationem extractus, & in spiritualem naturam conuersus. Elaboratur\n', 'tag': 'text'}]"
542371,ii,[104],[28],"[{'coordinates': {'upper_left_x': 0.3320141310405394, 'upper_left_y': 0.7967320527386301, 'lower_right_x': 1.0029169628561174, 'lower_right_y': 0.7993463919313385}, 'text': 'mito huius aquae [S]y[/S]. ij. alternis tantùm diebus\n', 'tag': 'text'}]"
2884858,",",[283],[2],"[{'coordinates': {'upper_left_x': 0.08541666799121433, 'upper_left_y': 0.1393880961853781, 'lower_right_x': 0.7964843644036187, 'lower_right_y': 0.14196457916603764}, 'text': 'TI. Miraberis opinor, si causam aduentu\n', 'tag': 'text'}]"
791134,spiritum,[333],[14],"[{'coordinates': {'upper_left_x': 0.049079754601226995, 'upper_left_y': 0.3542519386967827, 'lower_right_x': 0.7033060460002876, 'lower_right_y': 0.3619035688195592}, 'text': 'in balneo: oleositas in fundo est, cui affunde vini spiritum bonum. Digere\n', 'tag': 'text'}]"
3026527,obligetur,[24],[2 3],"[{'coordinates': {'upper_left_x': 0.3549579780642726, 'upper_left_y': 0.20380048230821332, 'lower_right_x': 0.8454439563911502, 'lower_right_y': 0.20950119852170243}, 'text': 'F. linimentum quod rursus oblige¬\n', 'tag': 'text'}, {'coordinates': {'upper_left_x': 0.1996638706752232, 'upper_left_y': 0.23632301457420948, 'lower_right_x': 0.848194692916229, 'lower_right_y': 0.2421662428033607}, 'text': 'tur emplastro Olympico. Atque semper an¬\n', 'tag': 'text'}]"
2563643,nocere,[73],[23],"[{'coordinates': {'upper_left_x': 0.06937814920890231, 'upper_left_y': 0.7522374966365425, 'lower_right_x': 0.8399095038405987, 'lower_right_y': 0.7580807067436164}, 'text': 'sed pharmaca per me exhibita nocere non poterant: nam manibus\n', 'tag': 'text'}]"
995377,attribui,[652],[18],"[{'coordinates': {'upper_left_x': 0.25317646101409313, 'upper_left_y': 0.5197377498963213, 'lower_right_x': 0.9676672443065768, 'lower_right_y': 0.5235784859698234}, 'text': 'doneum attribui. Quantum autem mysterij\n', 'tag': 'text'}]"
1996738,noua,[6],[6],"[{'coordinates': {'upper_left_x': 0.20490755994780724, 'upper_left_y': 0.28705932182257643, 'lower_right_x': 0.9296800116530988, 'lower_right_y': 0.29290255005172766}, 'text': 'noldi de noua uilla Rosarium à me confectae prae¬\n', 'tag': 'text'}]"
945018,.,[416],[13],"[{'coordinates': {'upper_left_x': 0.24217617449982795, 'upper_left_y': 0.39106221052720547, 'lower_right_x': 0.9522852922350632, 'lower_right_y': 0.39483875481750347}, 'text': 'dans ad tingendum oleum. Diuide igitur\n', 'tag': 'text'}]"
475897,sententiae,[153],[21],"[{'coordinates': {'upper_left_x': 0.13915966899455096, 'upper_left_y': 0.7767505781667533, 'lower_right_x': 0.8175118069688813, 'lower_right_y': 0.7825937882738272}, 'text': 'nonne prorsus sententiae tuae contrariatur,\n', 'tag': 'text'}]"
530909,plantaginis,[47],[27],"[{'coordinates': {'upper_left_x': 0.1004947015337725, 'upper_left_y': 0.7908496732026143, 'lower_right_x': 0.7779470383067856, 'lower_right_y': 0.7934640123953227}, 'text': 'de hoc oleo sumito z. iiij. aquae plantaginis,\n', 'tag': 'text'}]"
3104993,fuerit,[347],[12],"[{'coordinates': {'upper_left_x': 0.03232029159032181, 'upper_left_y': 0.3573799299881448, 'lower_right_x': 0.7353673905432495, 'lower_right_y': 0.360000043977296}, 'text': 'quod si verò dolor hic fuerit à causa calida,\n', 'tag': 'text'}]"
629183,Ut,[9],[23],"[{'coordinates': {'upper_left_x': 0.11334454191832984, 'upper_left_y': 0.7986697380446481, 'lower_right_x': 0.7694942698759191, 'lower_right_y': 0.8043705086243691}, 'text': 'hanc: secretissimam cui vult. Vt igitur gloria\n', 'tag': 'text'}]"
1095534,",",[1192],[1],"[{'coordinates': {'upper_left_x': 0.25176773563508065, 'upper_left_y': 0.08333853173443652, 'lower_right_x': 0.9513151304183468, 'lower_right_y': 0.08711805568905327}, 'text': 'rum, & anima philosophorum, & vnguen¬\n', 'tag': 'text'}]"
2818320,sub,[33],[8],"[{'coordinates': {'upper_left_x': 0.09562005384406608, 'upper_left_y': 0.2736000104631696, 'lower_right_x': 0.7807852309737797, 'lower_right_y': 0.27634286063058033}, 'text': 'facere: illum adiui, & sub eius cognitione,\n', 'tag': 'text'}]"
158323,aluminis,[18],[24],"[{'coordinates': {'upper_left_x': 0.06821052651656301, 'upper_left_y': 0.7081967546640198, 'lower_right_x': 0.8723903455232319, 'lower_right_y': 0.7169399018278974}, 'text': 'salis aut aluminis in se habens. Id enim experientia docemur,\n', 'tag': 'text'}]"
1459269,aquae,[234],[1],"[{'coordinates': {'upper_left_x': 0.27388236422498685, 'upper_left_y': 0.10292634035232798, 'lower_right_x': 0.8719729639902836, 'lower_right_y': 0.10876956858147918}, 'text': 'Recip. aquae rosaceae stillatitiae, florum myr¬\n', 'tag': 'text'}]"
2228788,quidem,[160],[23 24],"[{'coordinates': {'upper_left_x': 0.3831932773109244, 'upper_left_y': 0.6444655031036595, 'lower_right_x': 0.9698760216977416, 'lower_right_y': 0.6501662736833803}, 'text': 'nim in elaborando eius vis consistit, & qui¬\n', 'tag': 'text'}, {'coordinates': {'upper_left_x': 0.384806733972886, 'upper_left_y': 0.6695771930902984, 'lower_right_x': 0.9666693679424895, 'lower_right_y': 0.6754204031973723}, 'text': 'dem non quouis modo, sed arti conformi¬\n', 'tag': 'text'}]"
1138503,superius,[104],[4],"[{'coordinates': {'upper_left_x': 0.1919999964096967, 'upper_left_y': 0.16477908317946482, 'lower_right_x': 0.8765640387014181, 'lower_right_y': 0.17062231140861603}, 'text': 'rio. Prius uocat superius, id est coeleste, per\n', 'tag': 'text'}]"
3064871,clarissima,[178],[27],"[{'coordinates': {'upper_left_x': 0.27351351901217624, 'upper_left_y': 0.725103580054696, 'lower_right_x': 0.9725984040681306, 'lower_right_y': 0.7277207702170801}, 'text': 'clarissima, quae vocatur mater balsami con¬\n', 'tag': 'text'}]"
594512,redigatur,[359],[22],"[{'coordinates': {'upper_left_x': 0.06445229601101825, 'upper_left_y': 0.6814510037956155, 'lower_right_x': 0.748704512633199, 'lower_right_y': 0.6841307662930624}, 'text': 'Quo facto, in puluerem redigatur: deinde in\n', 'tag': 'text'}]"
3034246,destillari,[50],[25],"[{'coordinates': {'upper_left_x': 0.3507042199792996, 'upper_left_y': 0.7040303162645506, 'lower_right_x': 0.9206983539420115, 'lower_right_y': 0.7066941191586018}, 'text': 'modè sic, tali instrumento, destillari.\n', 'tag': 'text'}]"
189150,calx,[106],[24],"[{'coordinates': {'upper_left_x': 0.06568420811703331, 'upper_left_y': 0.6570491825513718, 'lower_right_x': 0.8738774349814967, 'lower_right_y': 0.6657923297152493}, 'text': 'hoc est calx ferri qui generatur in igne & à fabris in media uia\n', 'tag': 'text'}]"
2146688,in,[168],[35],"[{'coordinates': {'upper_left_x': 0.30292437898010766, 'upper_left_y': 0.8725225670603844, 'lower_right_x': 0.9135006688222164, 'lower_right_y': 0.8783657771674585}, 'text': 'tat, & in se conuertit. Nam sicut aër qui est\n', 'tag': 'text'}]"
3295805,Non,[338],[7],"[{'coordinates': {'upper_left_x': 0.16909090677897134, 'upper_left_y': 0.22524822406453163, 'lower_right_x': 0.9561460668390448, 'lower_right_y': 0.23659573097319186}, 'text': 'pidibus, est enim mansio earum in ipsis. Non sis in uenando pi¬\n', 'tag': 'text'}]"
2892856,",",[317],[24],"[{'coordinates': {'upper_left_x': 0.07500000132454766, 'upper_left_y': 0.7059581713591989, 'lower_right_x': 0.8002839618259006, 'lower_right_y': 0.7085346215780999}, 'text': 'Princeps etiam erigi commisit, nil praeter di¬\n', 'tag': 'text'}]"
173001,per,[60],[5],"[{'coordinates': {'upper_left_x': 0.04673684270758378, 'upper_left_y': 0.22386885123608977, 'lower_right_x': 0.8509013928865131, 'lower_right_y': 0.2328305965347151}, 'text': 'nomine apppellato, per Orpheum uero nostra medicina signifi¬\n', 'tag': 'text'}]"
2309518,interimant,[154],[28 29],"[{'coordinates': {'upper_left_x': 0.23233614368599, 'upper_left_y': 0.7670308382664044, 'lower_right_x': 0.8865475438222163, 'lower_right_y': 0.7727316088461254}, 'text': 'visis exitialem effascinationem faciant, vt interi¬\n', 'tag': 'text'}, {'coordinates': {'upper_left_x': 0.23152940253249737, 'upper_left_y': 0.7909737992456577, 'lower_right_x': 0.8754150390625, 'lower_right_y': 0.7966745698253785}, 'text': 'mant quos diutius intueantur. iratis pręcipuè o¬\n', 'tag': 'text'}]"
1078891,malis,[1107],[9],"[{'coordinates': {'upper_left_x': 0.07344430295819662, 'upper_left_y': 0.3012551913737495, 'lower_right_x': 0.7564748063130202, 'lower_right_y': 0.3051537757063441}, 'text': 'nim illi palliauimus: sed malis & improbis eam\n', 'tag': 'text'}]"
926613,melior,[334],[15],"[{'coordinates': {'upper_left_x': 0.25172236033147893, 'upper_left_y': 0.4336898900285552, 'lower_right_x': 0.9617358994667818, 'lower_right_y': 0.43758228157140033}, 'text': 'tem multe sunt calcinationes, sed melior est\n', 'tag': 'text'}]"
2044108,.,[85],[10],"[{'coordinates': {'upper_left_x': 0.10043697196896337, 'upper_left_y': 0.34888358580528134, 'lower_right_x': 0.7581183425518645, 'lower_right_y': 0.35458428389669316}, 'text': 'circa aurem & conuulsiones significant. Coac.\n', 'tag': 'text'}]"
696150,tepida,[122],[5],"[{'coordinates': {'upper_left_x': 0.27899999618530275, 'upper_left_y': 0.17747266653361446, 'lower_right_x': 0.9527294794718425, 'lower_right_y': 0.1849609589241968}, 'text': 'consueto) laua aqua dulci tepida aliquoties, vt abscedat acrimonia. Sicca in\n', 'tag': 'text'}]"
1903471,",",[204],[13],"[{'coordinates': {'upper_left_x': 0.2880000010258009, 'upper_left_y': 0.40078858581687943, 'lower_right_x': 0.8952643899356618, 'lower_right_y': 0.40663183216810794}, 'text': 'gulatum, sed fluidum ea de causa reperiri sub ter¬\n', 'tag': 'text'}]"
304035,(,[57],[20],"[{'coordinates': {'upper_left_x': 0.2567441819910195, 'upper_left_y': 0.6660382378126659, 'lower_right_x': 0.9123583822155316, 'lower_right_y': 0.6764841261942676}, 'text': 'sa (calida aut frig.) exiccat. uisum utra¬\n', 'tag': 'text'}]"
2560467,ducentia,[63],[24],"[{'coordinates': {'upper_left_x': 0.08228571274701287, 'upper_left_y': 0.6327790828895116, 'lower_right_x': 0.8618254332983193, 'lower_right_y': 0.6384798534692325}, 'text': 'non igitur ducentia, sed formae duces in Medicina erunt, & illud\n', 'tag': 'text'}]"
94268,.,[194],[9],"[{'coordinates': {'upper_left_x': 0.27952942407431725, 'upper_left_y': 0.3662992645046207, 'lower_right_x': 0.8195965935202206, 'lower_right_y': 0.37214251085584915}, 'text': 'REMEDIVM CANCRI.\n', 'tag': 'text'}]"
1617151,Non,[45],[25],"[{'coordinates': {'upper_left_x': 0.184336134966682, 'upper_left_y': 0.8158004652009724, 'lower_right_x': 0.773752215730042, 'lower_right_y': 0.8216436753080463}, 'text': 'Non absimile dubium occurrere potest, v¬\n', 'tag': 'text'}]"
52918,],[258],[11],"[{'coordinates': {'upper_left_x': 0.36141175342207194, 'upper_left_y': 0.34004747839268484, 'lower_right_x': 0.6444003577993698, 'lower_right_y': 0.34574817648409667}, 'text': 'Aquae aluminis [S]y[/S]. xv.\n', 'tag': 'text'}]"
1579801,que,[518],[4],"[{'coordinates': {'upper_left_x': 0.21217391801917035, 'upper_left_y': 0.19700893333980016, 'lower_right_x': 0.9296650541001472, 'lower_right_y': 0.1996874979564122}, 'text': 'ter aurum. Id vnum ad se trahit, ideoque optimè\n', 'tag': 'text'}]"
3306465,aluminibus,[378],[21],"[{'coordinates': {'upper_left_x': 0.4625287403092074, 'upper_left_y': 0.6590854565486071, 'lower_right_x': 0.6895122308840697, 'lower_right_y': 0.6704480741646218}, 'text': 'De aluminibus.\n', 'tag': 'text'}]"
2198889,graculis,[20],[6],"[{'coordinates': {'upper_left_x': 0.3198655585280987, 'upper_left_y': 0.2166270711359672, 'lower_right_x': 0.8963577911633404, 'lower_right_y': 0.22232778734945627}, 'text': 'gratia rerum putet, vt graculis Paracelsitis\n', 'tag': 'text'}]"
3062862,",",[171],[1],"[{'coordinates': {'upper_left_x': 0.07645617600997363, 'upper_left_y': 0.08855262555574116, 'lower_right_x': 0.7460201166352498, 'lower_right_y': 0.09118420617622242}, 'text': 'optimae [S]lb[/S]. vj. In aqua vitę madefiat pannus,\n', 'tag': 'text'}]"
1914474,Aetius,[19],[28],"[{'coordinates': {'upper_left_x': 0.10729411790350905, 'upper_left_y': 0.7978146659506755, 'lower_right_x': 0.70937556419052, 'lower_right_y': 0.8035154365303964}, 'text': 'ni: de quibus & Galenus, & Aegineta, & Aetius,\n', 'tag': 'text'}]"
2062041,.,[159],[4],"[{'coordinates': {'upper_left_x': 0.11334454191832984, 'upper_left_y': 0.18359139412995473, 'lower_right_x': 0.6623600294610031, 'lower_right_y': 0.18943462235910594}, 'text': 'pustulae septicae vocatae, malum. 6. epid.\n', 'tag': 'text'}]"
171194,in,[54],[26],"[{'coordinates': {'upper_left_x': 0.0568421062670256, 'upper_left_y': 0.702513703448742, 'lower_right_x': 0.8614281905324835, 'lower_right_y': 0.7112568506126196}, 'text': 'ptione modo in uase uitreo diligentissime, ne respiret obturato,\n', 'tag': 'text'}]"
2332880,locupletissimi,[259],[28],"[{'coordinates': {'upper_left_x': 0.11455462800354517, 'upper_left_y': 0.7467933346709843, 'lower_right_x': 0.7623806480600053, 'lower_right_y': 0.7524941052507051}, 'text': 'bilis & locupletissimi, artificium è multis vnum:\n', 'tag': 'text'}]"
3211077,ita,[20],[13],"[{'coordinates': {'upper_left_x': 0.15078067425015249, 'upper_left_y': 0.41531916769401966, 'lower_right_x': 0.9338739671671701, 'lower_right_y': 0.4266666926390736}, 'text': 'auri cupidos uidi, ita ut iures duros esse silices ex quibus aurum\n', 'tag': 'text'}]"
193751,.,[121],[13],"[{'coordinates': {'upper_left_x': 0.14526315990247224, 'upper_left_y': 0.3851366164688638, 'lower_right_x': 0.9131928293328536, 'lower_right_y': 0.39387979142652835}, 'text': 'RAYM. Dicit Senior philosophus hanc medicinam con¬\n', 'tag': 'text'}]"
2773507,Deus,[105],[4],"[{'coordinates': {'upper_left_x': 0.225882342683167, 'upper_left_y': 0.23204750912772787, 'lower_right_x': 0.6921227206702993, 'lower_right_y': 0.23789073735687907}, 'text': 'DEVS benedictus caeli ipse testis\n', 'tag': 'text'}]"
3441469,in,[166],[4],"[{'coordinates': {'upper_left_x': 0.2723478234332541, 'upper_left_y': 0.207341713241384, 'lower_right_x': 0.9590818322223166, 'lower_right_y': 0.20924046673352206}, 'text': 'nati, aestimauimus aestimatione uera, in qua fuimus cer¬\n', 'tag': 'text'}]"
1092819,modo,[1178],[13],"[{'coordinates': {'upper_left_x': 0.2688745101395739, 'upper_left_y': 0.426643588189447, 'lower_right_x': 0.9648263001040993, 'lower_right_y': 0.4305237008946175}, 'text': 'De modo sublimandi & albificandi terram, ca. XVI\n', 'tag': 'text'}]"
1635748,omnem,[133],[8],"[{'coordinates': {'upper_left_x': 0.0907563025210084, 'upper_left_y': 0.2671068422584805, 'lower_right_x': 0.7612403677291228, 'lower_right_y': 0.27295007048763176}, 'text': 'mnem rem subtilem, omnemque solidam penetrabit.\n', 'tag': 'text'}]"
1073932,metallicis,[1081],[15],"[{'coordinates': {'upper_left_x': 0.08950191804732399, 'upper_left_y': 0.4653872190159838, 'lower_right_x': 0.786363701558509, 'lower_right_y': 0.4692826924206997}, 'text': 'alijs metallicis corporibus: quia est de natu¬\n', 'tag': 'text'}]"
2411089,que,[587],[16],"[{'coordinates': {'upper_left_x': 0.152470590286896, 'upper_left_y': 0.47600948668998666, 'lower_right_x': 0.7925900242909664, 'lower_right_y': 0.48171018478139843}, 'text': 'appone, eiusque vigore viuum argentum per fi¬\n', 'tag': 'text'}]"
3246505,cum,[160],[7],"[{'coordinates': {'upper_left_x': 0.1560456308575184, 'upper_left_y': 0.22188676078364533, 'lower_right_x': 0.9383326773407795, 'lower_right_y': 0.23320750470431345}, 'text': 'introducuntur in instanti cum formis specialibus à natura\n', 'tag': 'text'}]"
1727217,corroborationem,[228],[ 9 10],"[{'coordinates': {'upper_left_x': 0.23757983295857404, 'upper_left_y': 0.3266793294077531, 'lower_right_x': 0.8428739147025998, 'lower_right_y': 0.3325225757589816}, 'text': 'de Lazuli assato paratur, ad uirium corrobo¬\n', 'tag': 'text'}, {'coordinates': {'upper_left_x': 0.23515966078814338, 'upper_left_y': 0.35258904318911444, 'lower_right_x': 0.8436538311613708, 'lower_right_y': 0.35828974128052626}, 'text': 'rationem à drach.s. ad drach.j. dabitur. Si\n', 'tag': 'text'}]"
1816928,id,[141],[21],"[{'coordinates': {'upper_left_x': 0.12100840336134454, 'upper_left_y': 0.6353729320535184, 'lower_right_x': 0.7397266035320378, 'lower_right_y': 0.6412161421605923}, 'text': 'de habebitis virtutem occultam, id est, sulphur\n', 'tag': 'text'}]"
3476231,propter,[320],[10],"[{'coordinates': {'upper_left_x': 0.28226086160411007, 'upper_left_y': 0.3787974345533154, 'lower_right_x': 0.9668751592221467, 'lower_right_y': 0.3806961880454534}, 'text': 'Mercurius corporum hoc facere non potest. Est enim propter\n', 'tag': 'text'}]"
1492732,aspectus,[93],[15],"[{'coordinates': {'upper_left_x': 0.0580714293888637, 'upper_left_y': 0.45872242125120455, 'lower_right_x': 0.7538228171212332, 'lower_right_y': 0.461365619945106}, 'text': 'gnorum. aut aspectus planetarum, vel tempo¬\n', 'tag': 'text'}]"
2024025,",",[125],[6],"[{'coordinates': {'upper_left_x': 0.08411508575146782, 'upper_left_y': 0.2657265487982302, 'lower_right_x': 0.715155949879441, 'lower_right_y': 0.2682367441605549}, 'text': 'docuimus, si ritè obseruaueris pon¬\n', 'tag': 'text'}]"
2834698,res,[30],[14],"[{'coordinates': {'upper_left_x': 0.20666666825612387, 'upper_left_y': 0.5508662995252952, 'lower_right_x': 0.9264656702677408, 'lower_right_y': 0.553507224885098}, 'text': 'sic omnes res productae sunt ab vnica natu¬\n', 'tag': 'text'}]"
3204799,triticeis,[48],[17],"[{'coordinates': {'upper_left_x': 0.25290755584460345, 'upper_left_y': 0.5019762125264438, 'lower_right_x': 0.8581875328256302, 'lower_right_y': 0.5078194588776722}, 'text': 'nunc de triticeis Ceruisiis, quas albas vocant)\n', 'tag': 'text'}]"
2653702,",",[279],[13],"[{'coordinates': {'upper_left_x': 0.1298823508895746, 'upper_left_y': 0.523040372798675, 'lower_right_x': 0.7946023380055147, 'lower_right_y': 0.5287410708900868}, 'text': 'bilium existentium in composito, est cau¬\n', 'tag': 'text'}]"
1459645,.,[235],[19],"[{'coordinates': {'upper_left_x': 0.13310923856847426, 'upper_left_y': 0.546698309746604, 'lower_right_x': 0.7323744317062763, 'lower_right_y': 0.5523990078380159}, 'text': 'batur. Item aqua è nucamentis salicis. Non\n', 'tag': 'text'}]"
